-- phpMyAdmin SQL Dump
-- version 5.2.0
-- https://www.phpmyadmin.net/
--
-- Host: 127.0.0.1
-- Generation Time: Jul 01, 2023 at 06:16 PM
-- Server version: 10.4.25-MariaDB
-- PHP Version: 8.1.10

SET SQL_MODE = "NO_AUTO_VALUE_ON_ZERO";
START TRANSACTION;
SET time_zone = "+00:00";


/*!40101 SET @OLD_CHARACTER_SET_CLIENT=@@CHARACTER_SET_CLIENT */;
/*!40101 SET @OLD_CHARACTER_SET_RESULTS=@@CHARACTER_SET_RESULTS */;
/*!40101 SET @OLD_COLLATION_CONNECTION=@@COLLATION_CONNECTION */;
/*!40101 SET NAMES utf8mb4 */;

--
-- Database: `fypsksphms`
--
CREATE DATABASE IF NOT EXISTS `id20988115_fypsksphms` DEFAULT CHARACTER SET utf8mb4 COLLATE utf8mb4_general_ci;
USE `id20988115_fypsksphms`;

-- --------------------------------------------------------

--
-- Table structure for table `activity_log`
--

CREATE TABLE `activity_log` (
  `activity_log_id` int(11) NOT NULL,
  `username` varchar(100) NOT NULL,
  `date` varchar(100) NOT NULL,
  `action` varchar(100) NOT NULL
) ENGINE=InnoDB DEFAULT CHARSET=latin1;

--
-- Dumping data for table `activity_log`
--

INSERT INTO `activity_log` (`activity_log_id`, `username`, `date`, `action`) VALUES
(1, 'jkev', '2013-11-18 15:25:33', 'Add Subject RIZAL'),
(2, 'jkev', '2013-11-18 15:27:08', 'Edit Subject RIZAL'),
(3, '', '2013-11-18 15:30:46', 'Edit Subject IS 221'),
(4, '', '2013-11-18 15:31:12', 'Edit Subject IS 222'),
(5, '', '2013-11-18 15:31:24', 'Edit Subject IS 223'),
(6, '', '2013-11-18 15:31:34', 'Edit Subject IS 224'),
(7, '', '2013-11-18 15:31:54', 'Edit Subject IS 227'),
(8, '', '2013-11-18 15:32:37', 'Add Subject IS 411B'),
(9, '', '2013-11-18 15:34:54', 'Edit User jkev'),
(10, 'jkev', '2014-01-17 13:26:18', 'Add User admin'),
(11, 'admin', '2020-12-21 08:37:51', 'Add Subject 1234'),
(12, '', '2023-04-12 09:53:20', 'Add Subject English'),
(13, '', '2023-04-12 09:53:43', 'Add School Year 2023-2024'),
(14, '', '2023-05-25 02:17:33', 'Add Subject English'),
(15, '', '2023-05-25 02:21:28', 'Add School Year 2021-2022'),
(16, '', '2023-05-30 22:11:52', 'Add Subject Mathematic'),
(17, '', '2023-05-30 22:18:24', 'Add School Year 2022-2023'),
(18, '', '2023-06-03 23:21:24', 'Add Subject Malay');

-- --------------------------------------------------------

--
-- Table structure for table `answer`
--

CREATE TABLE `answer` (
  `answer_id` int(11) NOT NULL,
  `quiz_question_id` int(11) NOT NULL,
  `answer_text` varchar(100) NOT NULL,
  `choices` varchar(3) NOT NULL
) ENGINE=InnoDB DEFAULT CHARSET=latin1;

--
-- Dumping data for table `answer`
--

INSERT INTO `answer` (`answer_id`, `quiz_question_id`, `answer_text`, `choices`) VALUES
(81, 32, 'john', 'A'),
(82, 32, 'smith', 'B'),
(83, 32, 'kevin', 'C'),
(84, 32, 'lorayna', 'D'),
(85, 34, 'Peso', 'A'),
(86, 34, 'PHP Hypertext', 'B'),
(87, 34, 'PHP Hypertext Preprosesor', 'C'),
(88, 34, 'Philippines', 'D'),
(89, 36, 'Right', 'A'),
(90, 36, 'Wrong', 'B'),
(91, 36, 'Wrong', 'C'),
(92, 36, 'Wrong', 'D');

-- --------------------------------------------------------

--
-- Table structure for table `assignment`
--

CREATE TABLE `assignment` (
  `assignment_id` int(11) NOT NULL,
  `floc` varchar(300) NOT NULL,
  `fdatein` varchar(100) NOT NULL,
  `fdesc` varchar(100) NOT NULL,
  `teacher_id` int(11) NOT NULL,
  `class_id` int(11) NOT NULL,
  `fname` varchar(100) NOT NULL
) ENGINE=InnoDB DEFAULT CHARSET=latin1;

--
-- Dumping data for table `assignment`
--

INSERT INTO `assignment` (`assignment_id`, `floc`, `fdatein`, `fdesc`, `teacher_id`, `class_id`, `fname`) VALUES
(48, 'admin/uploads/6940_File_Recommendation letter.pdf', '2023-06-20 22:41:42', '06/22/2023', 20, 194, 'English Tutorial 1: Page 13'),
(49, 'admin/uploads/4989_File_assignment3meeting20-25.pdf', '2023-07-01 16:35:48', '07/05/2023', 20, 194, 'Tutorial 2');

-- --------------------------------------------------------

--
-- Table structure for table `class`
--

CREATE TABLE `class` (
  `class_id` int(11) NOT NULL,
  `class_name` varchar(100) NOT NULL
) ENGINE=InnoDB DEFAULT CHARSET=latin1;

--
-- Dumping data for table `class`
--

INSERT INTO `class` (`class_id`, `class_name`) VALUES
(25, '1 Tulip'),
(26, '1 Lily'),
(27, '2 Lily'),
(28, '1 Hibiscus'),
(29, '1 Rose'),
(30, '1 Orchid'),
(31, '2 Tulip'),
(32, '2 Hibiscus'),
(33, '2 Orchid'),
(34, '2 Rose'),
(35, '3 Hibiscus'),
(36, '3 Lily'),
(37, '3 Orchid'),
(38, '3 Rose'),
(39, '3 Tulip'),
(40, '4 Hibiscus'),
(41, '4 Tulip'),
(42, '4 Orchid'),
(43, '4 Lily'),
(44, '4 Rose'),
(45, '5 Hibiscus'),
(46, '5 Tulip'),
(47, '5 Lily'),
(48, '5 Rose'),
(49, '5 Orchid'),
(50, '6 Hibiscus'),
(51, '6 Tulip'),
(52, '6 Lily'),
(53, '6 Rose'),
(54, '6 Orchid');

-- --------------------------------------------------------

--
-- Table structure for table `class_quiz`
--

CREATE TABLE `class_quiz` (
  `class_quiz_id` int(11) NOT NULL,
  `teacher_class_id` int(11) NOT NULL,
  `quiz_time` int(11) NOT NULL,
  `quiz_id` int(11) NOT NULL
) ENGINE=InnoDB DEFAULT CHARSET=latin1;

--
-- Dumping data for table `class_quiz`
--

INSERT INTO `class_quiz` (`class_quiz_id`, `teacher_class_id`, `quiz_time`, `quiz_id`) VALUES
(13, 167, 3600, 3),
(14, 167, 3600, 3),
(15, 167, 1800, 3),
(16, 185, 900, 0),
(17, 186, 1800, 6);

-- --------------------------------------------------------

--
-- Table structure for table `class_subject_overview`
--

CREATE TABLE `class_subject_overview` (
  `class_subject_overview_id` int(11) NOT NULL,
  `teacher_class_id` int(11) NOT NULL,
  `content` varchar(10000) NOT NULL
) ENGINE=InnoDB DEFAULT CHARSET=latin1;

--
-- Dumping data for table `class_subject_overview`
--

INSERT INTO `class_subject_overview` (`class_subject_overview_id`, `teacher_class_id`, `content`) VALUES
(1, 167, '<p>Chapter&nbsp; 1</p>\r\n\r\n<p>Cha</p>\r\n');

-- --------------------------------------------------------

--
-- Table structure for table `content`
--

CREATE TABLE `content` (
  `content_id` int(11) NOT NULL,
  `title` varchar(100) NOT NULL,
  `content` mediumtext NOT NULL
) ENGINE=InnoDB DEFAULT CHARSET=latin1;

--
-- Dumping data for table `content`
--

INSERT INTO `content` (`content_id`, `title`, `content`) VALUES
(1, 'Mission', '<pre>\r\n<span style=\"font-size:16px\"><strong>Mission</strong></span></pre>\r\n\r\n<p style=\"text-align:left\"><span style=\"font-family:arial,helvetica,sans-serif; font-size:medium\"><span style=\"font-size:large\"></span></span><span style=\"font-size:18px\">Melestarikan Sistem Pendidikan yang Berkualiti untuk Membangunkan Potensi Individu bagi Memenuhi Aspirasi Negara\r\n&nbsp;</span></p>\r\n\r\n<p style=\"text-align:left\">&nbsp;</p>\r\n\r\n'),
(2, 'Vision', '<pre><span style=\"font-size: large;\"><strong>Vision</strong></span></pre>\r\n<p><span style=\"font-size: large;\"> Pendidikan Berkualiti Insan Terdidik Negara Sejahtera </span><br /><br /></p>'),
(4, 'Footer', '<p style=\"text-align:center\">Sekolah Kebangsaan Semerah Padi</p>\r\n\r\n<p style=\"text-align:center\">All Rights Reserved </p>\r\n'),
(10, 'Contact us', '<pre style=\"text-align:center\">\r\n<span style=\"font-size:medium\"><strong>&nbsp;Contact Us</strong></span></pre>\r\n\r\n<table align=\"center\" cellpadding=\"0\" cellspacing=\"0\" style=\"line-height:1.6em; margin-left:auto; margin-right:auto\">\r\n	<tbody>\r\n		<tr>\r\n			<td>\r\n			<p>Address &nbsp; &nbsp; &nbsp; &nbsp; &nbsp; &nbsp; &nbsp; &nbsp; &nbsp; &nbsp; &nbsp; &nbsp; &nbsp; &nbsp; &nbsp; &nbsp; &nbsp; &nbsp; &nbsp; &nbsp; &nbsp; &nbsp; &nbsp; &nbsp; &nbsp; &nbsp; &nbsp; &nbsp; &nbsp; &nbsp; &nbsp; &nbsp; &nbsp;</p>\r\n			</td>\r\n			<td>\r\n			<p>Jalan Depo,Petra Jaya\r\n93050, Kuching\r\nSarawak, Malaysia &nbsp;</p>\r\n			</td>\r\n		</tr>\r\n		<tr>\r\n			<td>\r\n			<p>Phone Number</p>\r\n			</td>\r\n			<td>\r\n			<p>6082441403 </p>\r\n			</td>\r\n		</tr>\r\n		<tr>\r\n			<td>\r\n			<p>Faks</p>\r\n			</td>\r\n			<td>\r\n			<p>6082441468</p>\r\n			</td>\r\n		</tr>\r\n	</tbody>\r\n</table>\r\n\r\n');

-- --------------------------------------------------------

--
-- Table structure for table `department`
--

CREATE TABLE `department` (
  `department_id` int(11) NOT NULL,
  `department_name` varchar(100) NOT NULL,
  `dean` varchar(100) NOT NULL
) ENGINE=InnoDB DEFAULT CHARSET=latin1;

--
-- Dumping data for table `department`
--

INSERT INTO `department` (`department_id`, `department_name`, `dean`) VALUES
(11, 'Yahya', 'Literature'),
(12, 'STEM', 'Yahya');

-- --------------------------------------------------------

--
-- Table structure for table `event`
--

CREATE TABLE `event` (
  `event_id` int(11) NOT NULL,
  `event_title` varchar(100) NOT NULL,
  `teacher_class_id` int(11) NOT NULL,
  `date_start` varchar(100) NOT NULL,
  `date_end` varchar(100) NOT NULL
) ENGINE=InnoDB DEFAULT CHARSET=latin1;

--
-- Dumping data for table `event`
--

INSERT INTO `event` (`event_id`, `event_title`, `teacher_class_id`, `date_start`, `date_end`) VALUES
(12, ' 	  Orientation with the Parents of the College Freshmen', 0, '06/04/2013', '06/04/2013'),
(13, 'Start of Classes', 0, '11/04/2013', '11/04/2013'),
(14, 'Intercampus Sports and Cultural Fest/College Week', 0, '11/19/2013', '11/22/2013'),
(15, 'Long Test', 113, '12/05/2013', '12/06/2013'),
(16, 'Long Test', 0, '12/05/2013', '12/06/2013'),
(17, 'sdasf', 147, '11/16/2013', '11/16/2013'),
(18, 'Sample', 186, '12/22/2020', '12/24/2020'),
(19, 'ENG', 188, '04/12/2023', '04/12/2023'),
(21, 'ENG', 194, '06/03/2023', '06/07/2023');

-- --------------------------------------------------------

--
-- Table structure for table `files`
--

CREATE TABLE `files` (
  `file_id` int(11) NOT NULL,
  `floc` varchar(500) NOT NULL,
  `fdatein` varchar(200) NOT NULL,
  `fdesc` varchar(100) NOT NULL,
  `teacher_id` int(11) NOT NULL,
  `class_id` int(11) NOT NULL,
  `fname` varchar(100) NOT NULL,
  `uploaded_by` varchar(100) NOT NULL
) ENGINE=MyISAM DEFAULT CHARSET=latin1;

-- --------------------------------------------------------

--
-- Table structure for table `message`
--

CREATE TABLE `message` (
  `message_id` int(11) NOT NULL,
  `reciever_id` int(11) NOT NULL,
  `content` varchar(200) NOT NULL,
  `date_sended` varchar(100) NOT NULL,
  `sender_id` int(11) NOT NULL,
  `reciever_name` varchar(50) NOT NULL,
  `sender_name` varchar(200) NOT NULL,
  `message_status` varchar(100) NOT NULL
) ENGINE=InnoDB DEFAULT CHARSET=latin1;

--
-- Dumping data for table `message`
--

INSERT INTO `message` (`message_id`, `reciever_id`, `content`, `date_sended`, `sender_id`, `reciever_name`, `sender_name`, `message_status`) VALUES
(2, 11, 'fasf', '2013-11-13 13:15:47', 42, 'Aladin Cabrera', 'john kevin lorayna', ''),
(4, 71, 'bcjhbcjksdbckldj', '2013-11-25 15:59:13', 71, 'Noli Mendoza', 'Noli Mendoza', 'read'),
(17, 12, 'tst', '2013-12-01 23:38:40', 93, 'Ruby Mae  Morante', 'John Kevin  Lorayna', ''),
(19, 12, 'fasfaf', '2013-12-01 23:56:17', 93, 'Ruby Mae  Morante', 'John Kevin  Lorayna', ''),
(27, 93, 'fa', '2013-12-02 00:01:54', 12, 'John Kevin  Lorayna', 'Ruby Mae  Morante', ''),
(28, 136, 'Submit your classcard', '2014-02-13 13:35:21', 12, 'Jorgielyn Serfino', 'Ruby Mae  Morante', ''),
(29, 18, 'Test message', '2020-12-21 08:51:10', 9, 'Allan Dela Torre', 'Jomar Pabuaya', '');

-- --------------------------------------------------------

--
-- Table structure for table `message_sent`
--

CREATE TABLE `message_sent` (
  `message_sent_id` int(11) NOT NULL,
  `reciever_id` int(11) NOT NULL,
  `content` varchar(200) NOT NULL,
  `date_sended` varchar(100) NOT NULL,
  `sender_id` int(11) NOT NULL,
  `reciever_name` varchar(100) NOT NULL,
  `sender_name` varchar(100) NOT NULL
) ENGINE=InnoDB DEFAULT CHARSET=latin1;

--
-- Dumping data for table `message_sent`
--

INSERT INTO `message_sent` (`message_sent_id`, `reciever_id`, `content`, `date_sended`, `sender_id`, `reciever_name`, `sender_name`) VALUES
(1, 42, 'sad', '2013-11-12 22:50:05', 42, 'john kevin lorayna', 'john kevin lorayna'),
(2, 11, 'fasf', '2013-11-13 13:15:47', 42, 'Aladin Cabrera', 'john kevin lorayna'),
(3, 12, 'bjhkcbkjsdnckldvls', '2013-11-25 15:58:55', 71, 'Ruby Mae  Morante', 'Noli Mendoza'),
(4, 71, 'bcjhbcjksdbckldj', '2013-11-25 15:59:13', 71, 'Noli Mendoza', 'Noli Mendoza'),
(5, 12, 'test', '2013-11-30 20:54:05', 93, 'Ruby Mae  Morante', 'John Kevin  Lorayna'),
(11, 12, 'tst', '2013-12-01 23:38:40', 93, 'Ruby Mae  Morante', 'John Kevin  Lorayna'),
(12, 12, 'fasfasf', '2013-12-01 23:49:13', 93, 'Ruby Mae  Morante', 'John Kevin  Lorayna'),
(13, 136, 'Submit your classcard', '2014-02-13 13:35:21', 12, 'Jorgielyn Serfino', 'Ruby Mae  Morante'),
(14, 18, 'Test message', '2020-12-21 08:51:10', 9, 'Allan Dela Torre', 'Jomar Pabuaya');

-- --------------------------------------------------------

--
-- Table structure for table `notification`
--

CREATE TABLE `notification` (
  `notification_id` int(11) NOT NULL,
  `teacher_class_id` int(11) NOT NULL,
  `notification` varchar(100) NOT NULL,
  `date_of_notification` varchar(50) NOT NULL,
  `link` varchar(100) NOT NULL
) ENGINE=InnoDB DEFAULT CHARSET=latin1;

--
-- Dumping data for table `notification`
--

INSERT INTO `notification` (`notification_id`, `teacher_class_id`, `notification`, `date_of_notification`, `link`) VALUES
(2, 0, 'Add Downloadable Materials file name <b>sss</b>', '2014-01-17 14:35:32', 'downloadable_student.php'),
(3, 167, 'Add Annoucements', '2014-01-17 14:36:32', 'announcements_student.php'),
(4, 0, 'Add Downloadable Materials file name <b>test</b>', '2014-02-13 11:10:56', 'downloadable_student.php'),
(5, 167, 'Add Assignment file name <b>q</b>', '2014-02-13 11:27:59', 'assignment_student.php'),
(6, 0, 'Add Downloadable Materials file name <b>chapter 1</b>', '2014-02-13 12:35:42', 'downloadable_student.php'),
(7, 0, 'Add Downloadable Materials file name <b>q</b>', '2014-02-13 12:53:09', 'downloadable_student.php'),
(8, 0, 'Add Downloadable Materials file name <b>kevi</b>', '2014-02-13 13:31:18', 'downloadable_student.php'),
(9, 185, 'Add Practice Quiz file', '2014-02-13 13:33:27', 'student_quiz_list.php'),
(10, 167, 'Add Annoucements', '2014-02-13 13:45:59', 'announcements_student.php'),
(11, 0, 'Add Downloadable Materials file name <b>q</b>', '2014-02-21 16:43:38', 'downloadable_student.php'),
(12, 0, 'Add Downloadable Materials file name <b>q</b>', '2014-02-21 16:46:18', 'downloadable_student.php'),
(13, 0, 'Add Downloadable Materials file name <b>q</b>', '2014-02-21 16:46:49', 'downloadable_student.php'),
(14, 0, 'Add Downloadable Materials file name <b>q</b>', '2014-02-21 16:52:30', 'downloadable_student.php'),
(15, 186, 'Add Downloadable Materials file name <b>Sample</b>', '2020-12-21 09:24:50', 'downloadable_student.php'),
(16, 0, 'Add Downloadable Materials file name <b>123</b>', '2020-12-21 09:31:40', 'downloadable_student.php'),
(17, 0, 'Add Downloadable Materials file name <b>234234</b>', '2020-12-21 09:36:27', 'downloadable_student.php'),
(18, 0, 'Add Downloadable Materials file name <b>234234</b>', '2020-12-21 09:38:22', 'downloadable_student.php'),
(19, 186, 'Add Downloadable Materials file name <b>234234</b>', '2020-12-21 09:39:32', 'downloadable_student.php'),
(20, 186, 'Add Downloadable Materials file name <b>234234</b>', '2020-12-21 09:40:28', 'downloadable_student.php'),
(21, 186, 'Add Assignment file name <b>asdasd</b>', '2020-12-21 09:56:48', 'assignment_student.php'),
(22, 186, 'Add Annoucements', '2020-12-21 09:59:00', 'announcements_student.php'),
(23, 186, 'Add Practice Quiz file', '2020-12-21 10:10:11', 'student_quiz_list.php'),
(24, 189, 'Add Assignment file name <b>Lab 2</b>', '2023-04-12 10:42:40', 'assignment_student.php'),
(25, 189, 'Add Assignment file name <b>lab 3</b>', '2023-04-12 10:46:15', 'assignment_student.php'),
(26, 194, 'Add Assignment file name <b>Lab 6</b>', '2023-05-31 05:25:13', 'assignment_student.php'),
(27, 194, 'Add Assignment file name <b>Lab 6</b>', '2023-05-31 05:25:54', 'assignment_student.php'),
(28, 194, 'Add Assignment file name <b>1</b>', '2023-06-03 23:51:40', 'assignment_student.php'),
(29, 194, 'Add Assignment file name <b>Lab 6</b>', '2023-06-04 00:26:34', 'assignment_student.php'),
(30, 194, 'Add Assignment file name <b>Chapter 6</b>', '2023-06-04 00:27:30', 'assignment_student.php'),
(31, 194, 'Add Assignment file name <b>Chapter 7</b>', '2023-06-04 01:13:43', 'assignment_student.php'),
(32, 195, 'Add Assignment file name <b>Chapter 6</b>', '2023-06-04 09:40:55', 'assignment_student.php'),
(33, 195, 'Add Assignment file name <b>Chapter 7</b>', '2023-06-04 09:41:13', 'assignment_student.php'),
(34, 194, 'Add Assignment file name <b>This is Chapter 5. Refer textbook</b>', '2023-06-07 23:18:58', 'assignment_student.php'),
(35, 194, 'Add Assignment file name <b>Tuto</b>', '2023-06-07 23:39:59', 'assignment_student.php'),
(36, 194, 'Add Assignment file name <b>s</b>', '2023-06-07 23:40:56', 'assignment_student.php'),
(37, 194, 'Add Assignment file name <b>h</b>', '2023-06-07 23:43:47', 'assignment_student.php'),
(38, 194, 'Add Assignment file name <b>Chapter 6: \r\nDo it by the due date.</b>', '2023-06-07 23:54:35', 'assignment_student.php'),
(39, 194, 'Add Assignment file name <b>gg</b>', '2023-06-08 00:13:16', 'assignment_student.php');

-- --------------------------------------------------------

--
-- Table structure for table `notification_read`
--

CREATE TABLE `notification_read` (
  `notification_read_id` int(11) NOT NULL,
  `student_id` int(11) NOT NULL,
  `student_read` varchar(50) NOT NULL,
  `notification_id` int(11) NOT NULL
) ENGINE=InnoDB DEFAULT CHARSET=latin1;

--
-- Dumping data for table `notification_read`
--

INSERT INTO `notification_read` (`notification_read_id`, `student_id`, `student_read`, `notification_id`) VALUES
(1, 219, 'yes', 22),
(2, 219, 'yes', 21),
(3, 219, 'yes', 20),
(4, 219, 'yes', 19),
(5, 219, 'yes', 15);

-- --------------------------------------------------------

--
-- Table structure for table `notification_read_teacher`
--

CREATE TABLE `notification_read_teacher` (
  `notification_read_teacher_id` int(11) NOT NULL,
  `teacher_id` int(11) NOT NULL,
  `student_read` varchar(100) NOT NULL,
  `notification_id` int(11) NOT NULL
) ENGINE=InnoDB DEFAULT CHARSET=latin1;

--
-- Dumping data for table `notification_read_teacher`
--

INSERT INTO `notification_read_teacher` (`notification_read_teacher_id`, `teacher_id`, `student_read`, `notification_id`) VALUES
(1, 12, 'yes', 14),
(2, 12, 'yes', 13),
(3, 12, 'yes', 12),
(4, 12, 'yes', 11),
(5, 12, 'yes', 10),
(6, 12, 'yes', 9),
(7, 12, 'yes', 8),
(8, 12, 'yes', 7);

-- --------------------------------------------------------

--
-- Table structure for table `parent`
--

CREATE TABLE `parent` (
  `parent_id` int(11) NOT NULL,
  `username` varchar(100) NOT NULL,
  `password` varchar(200) NOT NULL,
  `firstname` varchar(100) NOT NULL,
  `lastname` varchar(100) NOT NULL,
  `student_un` varchar(100) NOT NULL,
  `location` varchar(200) NOT NULL,
  `about` varchar(500) NOT NULL,
  `parent_status` varchar(20) NOT NULL,
  `parent_stat` varchar(100) NOT NULL
) ENGINE=MyISAM DEFAULT CHARSET=latin1;

--
-- Dumping data for table `parent`
--

INSERT INTO `parent` (`parent_id`, `username`, `password`, `firstname`, `lastname`, `student_un`, `location`, `about`, `parent_status`, `parent_stat`) VALUES
(5, 'P10001', '1234', 'Syazwani', 'Aziz', 'S10008', 'uploads/NO-IMAGE-AVAILABLE.jpg', '', 'Registered', '');

-- --------------------------------------------------------

--
-- Table structure for table `parent_class`
--

CREATE TABLE `parent_class` (
  `parent_class_id` int(11) NOT NULL,
  `parent_id` int(11) NOT NULL,
  `class_id` int(11) NOT NULL,
  `subject_id` int(11) NOT NULL,
  `thumbnails` varchar(100) NOT NULL,
  `school_year` varchar(100) NOT NULL
) ENGINE=InnoDB DEFAULT CHARSET=latin1;

--
-- Dumping data for table `parent_class`
--

INSERT INTO `parent_class` (`parent_class_id`, `parent_id`, `class_id`, `subject_id`, `thumbnails`, `school_year`) VALUES
(0, 5, 26, 44, 'admin/uploads/thumbnails.jpg', '2022-2023');

-- --------------------------------------------------------

--
-- Table structure for table `parent_class_student`
--

CREATE TABLE `parent_class_student` (
  `parent_class_student_id` int(11) NOT NULL,
  `parent_class_id` int(11) NOT NULL,
  `student_id` int(11) NOT NULL,
  `parent_id` int(11) NOT NULL
) ENGINE=InnoDB DEFAULT CHARSET=latin1;

--
-- Dumping data for table `parent_class_student`
--

INSERT INTO `parent_class_student` (`parent_class_student_id`, `parent_class_id`, `student_id`, `parent_id`) VALUES
(1, 0, 223, 5),
(2, 0, 221, 5);

-- --------------------------------------------------------

--
-- Table structure for table `question_type`
--

CREATE TABLE `question_type` (
  `question_type_id` int(11) NOT NULL,
  `question_type` varchar(150) NOT NULL
) ENGINE=MyISAM DEFAULT CHARSET=latin1;

--
-- Dumping data for table `question_type`
--

INSERT INTO `question_type` (`question_type_id`, `question_type`) VALUES
(1, 'Multiple Choice'),
(2, 'True or False');

-- --------------------------------------------------------

--
-- Table structure for table `quiz`
--

CREATE TABLE `quiz` (
  `quiz_id` int(11) NOT NULL,
  `quiz_title` varchar(50) NOT NULL,
  `quiz_description` varchar(100) NOT NULL,
  `date_added` varchar(100) NOT NULL,
  `teacher_id` int(11) NOT NULL
) ENGINE=InnoDB DEFAULT CHARSET=latin1;

--
-- Dumping data for table `quiz`
--

INSERT INTO `quiz` (`quiz_id`, `quiz_title`, `quiz_description`, `date_added`, `teacher_id`) VALUES
(3, 'Sample Test', 'Test', '2013-12-03 23:01:56', 12),
(4, 'Chapter 1', 'topics', '2013-12-13 01:51:02', 14),
(5, 'test3', '123', '2014-01-16 04:12:07', 12),
(6, 'Sample Quiz', 'Sample 101', '2020-12-21 10:04:11', 9);

-- --------------------------------------------------------

--
-- Table structure for table `quiz_question`
--

CREATE TABLE `quiz_question` (
  `quiz_question_id` int(11) NOT NULL,
  `quiz_id` int(11) NOT NULL,
  `question_text` varchar(100) NOT NULL,
  `question_type_id` int(11) NOT NULL,
  `points` int(11) NOT NULL,
  `date_added` varchar(100) NOT NULL,
  `answer` varchar(100) NOT NULL
) ENGINE=InnoDB DEFAULT CHARSET=latin1;

--
-- Dumping data for table `quiz_question`
--

INSERT INTO `quiz_question` (`quiz_question_id`, `quiz_id`, `question_text`, `question_type_id`, `points`, `date_added`, `answer`) VALUES
(33, 5, '<p>q</p>\r\n', 2, 0, '2014-01-17 04:15:03', 'False'),
(34, 3, '<p>Php Stands for ?</p>\r\n', 1, 0, '2014-01-17 12:25:17', 'C'),
(35, 3, '<p>Echo is a Php code that display the output.</p>\r\n', 2, 0, '2014-01-17 12:26:18', 'True'),
(36, 6, '<p>sample</p>\r\n', 1, 0, '2020-12-21 10:05:09', 'A'),
(37, 6, '<p>asdasd</p>\r\n', 2, 0, '2020-12-21 10:05:25', 'True'),
(38, 6, '<p>sdsd</p>\r\n', 2, 0, '2020-12-21 10:05:35', 'False');

-- --------------------------------------------------------

--
-- Table structure for table `school_year`
--

CREATE TABLE `school_year` (
  `school_year_id` int(11) NOT NULL,
  `school_year` varchar(100) NOT NULL
) ENGINE=InnoDB DEFAULT CHARSET=latin1;

--
-- Dumping data for table `school_year`
--

INSERT INTO `school_year` (`school_year_id`, `school_year`) VALUES
(5, '2021-2022'),
(6, '2022-2023');

-- --------------------------------------------------------

--
-- Table structure for table `student`
--

CREATE TABLE `student` (
  `student_id` int(11) NOT NULL,
  `firstname` varchar(100) NOT NULL,
  `lastname` varchar(100) NOT NULL,
  `class_id` int(11) NOT NULL,
  `username` varchar(100) NOT NULL,
  `password` varchar(100) NOT NULL,
  `location` varchar(100) NOT NULL,
  `status` varchar(100) NOT NULL
) ENGINE=MyISAM DEFAULT CHARSET=latin1;

--
-- Dumping data for table `student`
--

INSERT INTO `student` (`student_id`, `firstname`, `lastname`, `class_id`, `username`, `password`, `location`, `status`) VALUES
(223, 'Florence', 'Jack', 26, 'S10009', '1234', 'uploads/flo.jpg', 'Registered'),
(222, 'Farzana', 'Md Khairuddin', 27, 'S10007', '1234', 'uploads/farzana.jpg', 'Registered'),
(221, 'Liyana', 'Saludin', 26, 'S10008', '1234', 'uploads/yana.png', 'Registered');

-- --------------------------------------------------------

--
-- Table structure for table `student_assignment`
--

CREATE TABLE `student_assignment` (
  `student_assignment_id` int(11) NOT NULL,
  `assignment_id` int(11) NOT NULL,
  `floc` varchar(100) NOT NULL,
  `assignment_fdatein` varchar(50) NOT NULL,
  `fdesc` varchar(100) NOT NULL,
  `fname` varchar(50) NOT NULL,
  `student_id` int(11) NOT NULL,
  `grade` varchar(5) NOT NULL
) ENGINE=InnoDB DEFAULT CHARSET=latin1;

--
-- Dumping data for table `student_assignment`
--

INSERT INTO `student_assignment` (`student_assignment_id`, `assignment_id`, `floc`, `assignment_fdatein`, `fdesc`, `fname`, `student_id`, `grade`) VALUES
(1, 31, 'admin/uploads/7820_File_sample.pdf', '2020-12-21 10:12:04', 'aaa', 'asdasd', 219, ''),
(2, 32, 'admin/uploads/6473_File_0.docx', '2023-04-12 10:43:06', '1', 'Lab 2', 219, ''),
(3, 33, 'admin/uploads/6218_File_CHAPTER 5 template (1).docx', '2023-04-12 10:46:54', '-', 'lab 3', 219, ''),
(4, 35, 'admin/uploads/7107_File_Lab 6.docx', '2023-05-31 05:27:40', 'Done', 'Lab 6', 221, 'A'),
(5, 38, 'admin/uploads/6646_File_CHAPTER 6 template.docx', '2023-06-04 00:56:32', 'Done', 'Chapter 6', 221, 'A'),
(6, 38, 'admin/uploads/1586_File_CHAPTER 6 template.docx', '2023-06-04 00:57:04', 'Done', 'Chapter 6', 223, '1'),
(8, 39, 'admin/uploads/4931_File_CHAPTER 6 template.docx', '2023-06-04 02:05:29', 'Done', 'Chapter 7', 221, ''),
(9, 39, 'admin/uploads/3448_File_CHAPTER 6 template.docx', '2023-06-04 03:12:54', 'Done', 'Chapter 7', 223, ''),
(10, 39, 'admin/uploads/8625_File_CHAPTER 6 template.docx', '2023-06-04 09:44:50', 'Done', 'Chapter 6', 221, '1'),
(11, 47, 'admin/uploads/7862_File_Untitled Diagram-Manage product detail.jpg', '2023-06-08 01:50:42', 'Done', 'aaa', 221, ''),
(12, 47, 'admin/uploads/1124_File_activity_log.php', '2023-06-12 04:21:08', 'Done', 'Lab 6', 20, ''),
(13, 48, 'admin/uploads/5705_File_Recommendation letter.pdf', '2023-06-20 22:51:58', 'Done', 'Tutorial 1', 223, 'A'),
(14, 48, 'admin/uploads/6288_File_Instructions and regulations for the final FYP Seminar.docx', '2023-07-01 12:54:37', 'gg', 'kk', 221, '');

-- --------------------------------------------------------

--
-- Table structure for table `student_backpack`
--

CREATE TABLE `student_backpack` (
  `file_id` int(11) NOT NULL,
  `floc` varchar(100) NOT NULL,
  `fdatein` varchar(100) NOT NULL,
  `fdesc` varchar(100) NOT NULL,
  `student_id` int(11) NOT NULL,
  `fname` varchar(100) NOT NULL
) ENGINE=InnoDB DEFAULT CHARSET=latin1;

--
-- Dumping data for table `student_backpack`
--

INSERT INTO `student_backpack` (`file_id`, `floc`, `fdatein`, `fdesc`, `student_id`, `fname`) VALUES
(1, 'admin/uploads/2658_File_kevin.docx', '2014-02-13 11:11:50', 'test', 210, 'test'),
(2, 'admin/uploads/9782_File_sample.pdf', '2020-12-21 10:12:54', 'adasd', 219, '234234'),
(3, 'admin/uploads/6898_File_sample.pdf', '2020-12-21 10:12:54', 'adasd', 219, '234234'),
(4, 'admin/uploads/3579_File_sample.pdf', '2020-12-21 10:12:54', 'adasd', 219, '234234');

-- --------------------------------------------------------

--
-- Table structure for table `student_class_quiz`
--

CREATE TABLE `student_class_quiz` (
  `student_class_quiz_id` int(11) NOT NULL,
  `class_quiz_id` int(11) NOT NULL,
  `student_id` int(11) NOT NULL,
  `student_quiz_time` varchar(100) NOT NULL,
  `grade` varchar(100) NOT NULL
) ENGINE=InnoDB DEFAULT CHARSET=latin1;

--
-- Dumping data for table `student_class_quiz`
--

INSERT INTO `student_class_quiz` (`student_class_quiz_id`, `class_quiz_id`, `student_id`, `student_quiz_time`, `grade`) VALUES
(1, 15, 107, '3600', '0 out of 2'),
(2, 16, 136, '3600', '0 out of 0'),
(3, 17, 219, '3600', '1 out of 3');

-- --------------------------------------------------------

--
-- Table structure for table `subject`
--

CREATE TABLE `subject` (
  `subject_id` int(11) NOT NULL,
  `subject_code` varchar(100) NOT NULL,
  `subject_title` varchar(100) NOT NULL,
  `category` varchar(100) NOT NULL,
  `description` longtext NOT NULL,
  `unit` int(11) NOT NULL,
  `Pre_req` varchar(100) NOT NULL,
  `semester` varchar(100) NOT NULL
) ENGINE=MyISAM DEFAULT CHARSET=latin1;

--
-- Dumping data for table `subject`
--

INSERT INTO `subject` (`subject_id`, `subject_code`, `subject_title`, `category`, `description`, `unit`, `Pre_req`, `semester`) VALUES
(46, 'Malay', 'BM', '', '', 0, '', ''),
(45, 'Mathematic', 'MT', '', '', 0, '', ''),
(44, 'English', 'ENG', '', '', 0, '', '');

-- --------------------------------------------------------

--
-- Table structure for table `teacher`
--

CREATE TABLE `teacher` (
  `teacher_id` int(11) NOT NULL,
  `username` varchar(100) NOT NULL,
  `password` varchar(200) NOT NULL,
  `firstname` varchar(100) NOT NULL,
  `lastname` varchar(100) NOT NULL,
  `department_id` int(11) NOT NULL,
  `location` varchar(200) NOT NULL,
  `about` varchar(500) NOT NULL,
  `teacher_status` varchar(20) NOT NULL,
  `teacher_stat` varchar(100) NOT NULL
) ENGINE=MyISAM DEFAULT CHARSET=latin1;

--
-- Dumping data for table `teacher`
--

INSERT INTO `teacher` (`teacher_id`, `username`, `password`, `firstname`, `lastname`, `department_id`, `location`, `about`, `teacher_status`, `teacher_stat`) VALUES
(20, 'T10001', '1234', 'Zian', 'Zahrin', 11, 'uploads/zian.jpg', '', 'Registered', ''),
(21, 'T10005', '1234', 'Hafizah', 'Hamdan', 12, 'uploads/fizah.jpg', '', 'Registered', '');

-- --------------------------------------------------------

--
-- Table structure for table `teacher_backpack`
--

CREATE TABLE `teacher_backpack` (
  `file_id` int(11) NOT NULL,
  `floc` varchar(100) NOT NULL,
  `fdatein` varchar(100) NOT NULL,
  `fdesc` varchar(100) NOT NULL,
  `teacher_id` int(11) NOT NULL,
  `fname` varchar(100) NOT NULL
) ENGINE=InnoDB DEFAULT CHARSET=latin1;

-- --------------------------------------------------------

--
-- Table structure for table `teacher_class`
--

CREATE TABLE `teacher_class` (
  `teacher_class_id` int(11) NOT NULL,
  `teacher_id` int(11) NOT NULL,
  `class_id` int(11) NOT NULL,
  `subject_id` int(11) NOT NULL,
  `thumbnails` varchar(100) NOT NULL,
  `school_year` varchar(100) NOT NULL
) ENGINE=InnoDB DEFAULT CHARSET=latin1;

--
-- Dumping data for table `teacher_class`
--

INSERT INTO `teacher_class` (`teacher_class_id`, `teacher_id`, `class_id`, `subject_id`, `thumbnails`, `school_year`) VALUES
(191, 20, 26, 44, 'admin/uploads/thumbnails.jpg', '2021-2022'),
(192, 20, 26, 45, 'admin/uploads/thumbnails.jpg', '2021-2022'),
(194, 20, 26, 44, 'admin/uploads/thumbnails.jpg', '2022-2023'),
(195, 20, 25, 44, 'admin/uploads/thumbnails.jpg', '2022-2023'),
(197, 20, 27, 46, 'admin/uploads/thumbnails.jpg', '2022-2023'),
(198, 21, 27, 45, 'admin/uploads/thumbnails.jpg', '2022-2023');

-- --------------------------------------------------------

--
-- Table structure for table `teacher_class_announcements`
--

CREATE TABLE `teacher_class_announcements` (
  `teacher_class_announcements_id` int(11) NOT NULL,
  `content` varchar(500) NOT NULL,
  `teacher_id` varchar(100) NOT NULL,
  `teacher_class_id` int(11) NOT NULL,
  `date` varchar(50) NOT NULL
) ENGINE=InnoDB DEFAULT CHARSET=latin1;

--
-- Dumping data for table `teacher_class_announcements`
--

INSERT INTO `teacher_class_announcements` (`teacher_class_announcements_id`, `content`, `teacher_id`, `teacher_class_id`, `date`) VALUES
(2, '<p><strong>Project Deadline</strong></p>\r\n\r\n<p>In December 1st week&nbsp; system must fully functioning.</p>\r\n\r\n<p><br />\r\n&nbsp;</p>\r\n', '9', 87, '2013-10-30 13:21:13'),
(21, '<p>fsaf</p>\r\n', '9', 87, '2013-10-30 14:33:21'),
(31, '<p>Hi im kevin i edit this</p>\r\n', '9', 87, '2013-10-30 15:41:56'),
(33, '<p>hello teph</p>\r\n', '9', 95, '2013-10-30 17:44:28'),
(34, '<p>hello guys</p>\r\n', '9', 95, '2013-11-02 10:51:39'),
(35, '<p>dsdasd</p>\r\n', '12', 147, '2013-11-16 13:59:33'),
(36, '<p>BSIS 1A: Submit assignment on November 20, 2013 before 5pm.</p>\r\n', '12', 154, '2013-11-18 15:29:34'),
(37, '<p>aaaaa<br />\r\n&nbsp;</p>\r\n', '12', 167, '2014-01-17 14:36:32'),
(38, '<p>wala klase<img alt=\"sad\" src=\"http://localhost/lms/admin/vendors/ckeditor/plugins/smiley/images/sad_smile.gif\" style=\"height:20px; width:20px\" title=\"sad\" /></p>\r\n', '12', 167, '2014-02-13 13:45:59');

-- --------------------------------------------------------

--
-- Table structure for table `teacher_class_student`
--

CREATE TABLE `teacher_class_student` (
  `teacher_class_student_id` int(11) NOT NULL,
  `teacher_class_id` int(11) NOT NULL,
  `student_id` int(11) NOT NULL,
  `teacher_id` int(11) NOT NULL
) ENGINE=InnoDB DEFAULT CHARSET=latin1;

--
-- Dumping data for table `teacher_class_student`
--

INSERT INTO `teacher_class_student` (`teacher_class_student_id`, `teacher_class_id`, `student_id`, `teacher_id`) VALUES
(31, 165, 141, 134),
(32, 165, 134, 134),
(54, 167, 113, 12),
(55, 167, 112, 12),
(57, 167, 108, 12),
(58, 167, 105, 12),
(59, 167, 106, 12),
(60, 167, 103, 12),
(61, 167, 104, 12),
(62, 167, 100, 12),
(63, 167, 101, 12),
(64, 167, 102, 12),
(65, 167, 97, 12),
(66, 167, 98, 12),
(67, 167, 95, 12),
(68, 167, 94, 12),
(69, 167, 76, 12),
(70, 167, 107, 12),
(71, 167, 110, 12),
(72, 167, 109, 12),
(73, 167, 99, 12),
(74, 167, 96, 12),
(75, 167, 75, 12),
(76, 167, 74, 12),
(77, 167, 73, 12),
(78, 167, 72, 12),
(79, 167, 71, 12),
(80, 168, 135, 12),
(81, 168, 140, 12),
(82, 168, 162, 12),
(83, 168, 164, 12),
(84, 168, 165, 12),
(85, 168, 166, 12),
(86, 168, 167, 12),
(87, 168, 168, 12),
(88, 168, 169, 12),
(89, 168, 172, 12),
(90, 168, 171, 12),
(91, 168, 173, 12),
(92, 168, 174, 12),
(93, 168, 175, 12),
(94, 168, 176, 12),
(95, 168, 177, 12),
(96, 168, 178, 12),
(97, 168, 179, 12),
(98, 168, 180, 12),
(99, 168, 181, 12),
(100, 168, 182, 12),
(101, 168, 183, 12),
(102, 168, 206, 12),
(103, 168, 207, 12),
(127, 172, 113, 18),
(128, 172, 112, 18),
(129, 172, 111, 18),
(130, 172, 108, 18),
(131, 172, 105, 18),
(132, 172, 106, 18),
(133, 172, 103, 18),
(134, 172, 104, 18),
(135, 172, 100, 18),
(136, 172, 101, 18),
(137, 172, 102, 18),
(138, 172, 97, 18),
(139, 172, 98, 18),
(140, 172, 95, 18),
(141, 172, 94, 18),
(142, 172, 76, 18),
(143, 172, 107, 18),
(144, 172, 110, 18),
(145, 172, 109, 18),
(146, 172, 99, 18),
(147, 172, 96, 18),
(148, 172, 75, 18),
(149, 172, 74, 18),
(150, 172, 73, 18),
(151, 172, 72, 18),
(152, 172, 71, 18),
(153, 173, 135, 18),
(154, 173, 140, 18),
(155, 173, 162, 18),
(156, 173, 164, 18),
(157, 173, 165, 18),
(158, 173, 166, 18),
(159, 173, 167, 18),
(160, 173, 168, 18),
(161, 173, 169, 18),
(162, 173, 172, 18),
(163, 173, 171, 18),
(164, 173, 173, 18),
(165, 173, 174, 18),
(166, 173, 175, 18),
(167, 173, 176, 18),
(168, 173, 177, 18),
(169, 173, 178, 18),
(170, 173, 179, 18),
(171, 173, 180, 18),
(172, 173, 181, 18),
(173, 173, 182, 18),
(174, 173, 183, 18),
(175, 173, 206, 18),
(176, 173, 207, 18),
(177, 174, 134, 13),
(178, 174, 142, 13),
(179, 174, 143, 13),
(180, 174, 144, 13),
(181, 174, 145, 13),
(182, 174, 146, 13),
(183, 174, 147, 13),
(184, 174, 148, 13),
(185, 174, 149, 13),
(186, 174, 150, 13),
(187, 174, 151, 13),
(188, 174, 152, 13),
(189, 174, 153, 13),
(190, 174, 154, 13),
(191, 174, 155, 13),
(192, 174, 156, 13),
(193, 174, 157, 13),
(194, 174, 158, 13),
(195, 174, 159, 13),
(196, 175, 113, 13),
(197, 175, 112, 13),
(198, 175, 111, 13),
(199, 175, 108, 13),
(200, 175, 105, 13),
(201, 175, 106, 13),
(202, 175, 103, 13),
(203, 175, 104, 13),
(204, 175, 100, 13),
(205, 175, 101, 13),
(206, 175, 102, 13),
(207, 175, 97, 13),
(208, 175, 98, 13),
(209, 175, 95, 13),
(210, 175, 94, 13),
(211, 175, 76, 13),
(212, 175, 107, 13),
(213, 175, 110, 13),
(214, 175, 109, 13),
(215, 175, 99, 13),
(216, 175, 96, 13),
(217, 175, 75, 13),
(218, 175, 74, 13),
(219, 175, 73, 13),
(220, 175, 72, 13),
(221, 175, 71, 13),
(222, 176, 135, 13),
(223, 176, 140, 13),
(224, 176, 162, 13),
(225, 176, 164, 13),
(226, 176, 165, 13),
(227, 176, 166, 13),
(228, 176, 167, 13),
(229, 176, 168, 13),
(230, 176, 169, 13),
(231, 176, 172, 13),
(232, 176, 171, 13),
(233, 176, 173, 13),
(234, 176, 174, 13),
(235, 176, 175, 13),
(236, 176, 176, 13),
(237, 176, 177, 13),
(238, 176, 178, 13),
(239, 176, 179, 13),
(240, 176, 180, 13),
(241, 176, 181, 13),
(242, 176, 182, 13),
(243, 176, 183, 13),
(244, 176, 206, 13),
(245, 176, 207, 13),
(246, 177, 134, 14),
(247, 177, 142, 14),
(248, 177, 143, 14),
(249, 177, 144, 14),
(250, 177, 145, 14),
(251, 177, 146, 14),
(252, 177, 147, 14),
(253, 177, 148, 14),
(254, 177, 149, 14),
(255, 177, 150, 14),
(256, 177, 151, 14),
(257, 177, 152, 14),
(258, 177, 153, 14),
(259, 177, 154, 14),
(260, 177, 155, 14),
(261, 177, 156, 14),
(262, 177, 157, 14),
(263, 177, 158, 14),
(264, 177, 159, 14),
(265, 178, 113, 14),
(266, 178, 112, 14),
(267, 178, 111, 14),
(268, 178, 108, 14),
(269, 178, 105, 14),
(270, 178, 106, 14),
(271, 178, 103, 14),
(272, 178, 104, 14),
(273, 178, 100, 14),
(274, 178, 101, 14),
(275, 178, 102, 14),
(276, 178, 97, 14),
(277, 178, 98, 14),
(278, 178, 95, 14),
(279, 178, 94, 14),
(280, 178, 76, 14),
(281, 178, 107, 14),
(282, 178, 110, 14),
(283, 178, 109, 14),
(284, 178, 99, 14),
(285, 178, 96, 14),
(286, 178, 75, 14),
(287, 178, 74, 14),
(288, 178, 73, 14),
(289, 178, 72, 14),
(290, 178, 71, 14),
(291, 179, 135, 14),
(292, 179, 140, 14),
(293, 179, 162, 14),
(294, 179, 164, 14),
(295, 179, 165, 14),
(296, 179, 166, 14),
(297, 179, 167, 14),
(298, 179, 168, 14),
(299, 179, 169, 14),
(300, 179, 172, 14),
(301, 179, 171, 14),
(302, 179, 173, 14),
(303, 179, 174, 14),
(304, 179, 175, 14),
(305, 179, 176, 14),
(306, 179, 177, 14),
(307, 179, 178, 14),
(308, 179, 179, 14),
(309, 179, 180, 14),
(310, 179, 181, 14),
(311, 179, 182, 14),
(312, 179, 183, 14),
(313, 179, 206, 14),
(314, 179, 207, 14),
(315, 180, 113, 19),
(316, 180, 112, 19),
(317, 180, 111, 19),
(318, 180, 108, 19),
(319, 180, 105, 19),
(320, 180, 106, 19),
(321, 180, 103, 19),
(322, 180, 104, 19),
(323, 180, 100, 19),
(324, 180, 101, 19),
(325, 180, 102, 19),
(326, 180, 97, 19),
(327, 180, 98, 19),
(328, 180, 95, 19),
(329, 180, 94, 19),
(330, 180, 76, 19),
(331, 180, 107, 19),
(332, 180, 110, 19),
(333, 180, 109, 19),
(334, 180, 99, 19),
(335, 180, 96, 19),
(336, 180, 75, 19),
(337, 180, 74, 19),
(338, 180, 73, 19),
(339, 180, 72, 19),
(340, 180, 71, 19),
(341, 181, 209, 12),
(342, 181, 210, 12),
(345, 183, 213, 12),
(346, 183, 214, 12),
(347, 183, 215, 12),
(348, 183, 216, 12),
(349, 184, 184, 12),
(350, 184, 185, 12),
(351, 184, 186, 12),
(352, 184, 187, 12),
(353, 184, 188, 12),
(354, 184, 189, 12),
(355, 184, 190, 12),
(356, 184, 191, 12),
(358, 184, 193, 12),
(359, 184, 194, 12),
(360, 184, 195, 12),
(361, 184, 196, 12),
(362, 184, 197, 12),
(363, 184, 198, 12),
(364, 184, 199, 12),
(365, 184, 200, 12),
(366, 184, 201, 12),
(367, 184, 202, 12),
(368, 184, 203, 12),
(369, 184, 204, 12),
(370, 184, 205, 12),
(371, 184, 217, 12),
(372, 184, 192, 12),
(373, 185, 93, 12),
(374, 185, 136, 12),
(375, 185, 138, 12),
(376, 185, 139, 12),
(377, 185, 211, 12),
(383, 187, 219, 219),
(384, 188, 219, 9),
(385, 189, 219, 219),
(386, 190, 220, 220),
(387, 190, 219, 220),
(388, 191, 221, 20),
(389, 192, 221, 20),
(391, 194, 221, 20),
(392, 197, 222, 20),
(393, 198, 222, 21),
(394, 194, 223, 20);

-- --------------------------------------------------------

--
-- Table structure for table `teacher_notification`
--

CREATE TABLE `teacher_notification` (
  `teacher_notification_id` int(11) NOT NULL,
  `teacher_class_id` int(11) NOT NULL,
  `notification` varchar(100) NOT NULL,
  `date_of_notification` varchar(100) NOT NULL,
  `link` varchar(100) NOT NULL,
  `student_id` int(11) NOT NULL,
  `assignment_id` int(11) NOT NULL
) ENGINE=InnoDB DEFAULT CHARSET=latin1;

--
-- Dumping data for table `teacher_notification`
--

INSERT INTO `teacher_notification` (`teacher_notification_id`, `teacher_class_id`, `notification`, `date_of_notification`, `link`, `student_id`, `assignment_id`) VALUES
(15, 160, 'Submit Assignment file name <b>my_assginment</b>', '2013-11-25 10:39:52', 'view_submit_assignment.php', 93, 16),
(17, 161, 'Submit Assignment file name <b>q</b>', '2013-11-25 15:54:19', 'view_submit_assignment.php', 71, 17),
(19, 189, 'Submit Homework file name <b>Lab 2</b>', '2023-04-12 10:43:06', 'view_submit_assignment.php', 219, 32),
(20, 189, 'Submit Homework file name <b>lab 3</b>', '2023-04-12 10:46:54', 'view_submit_assignment.php', 219, 33),
(21, 194, 'Submit Homework file name <b>Lab 6</b>', '2023-05-31 05:27:40', 'view_submit_assignment.php', 221, 35),
(22, 194, 'Submit Homework file name <b>Chapter 6</b>', '2023-06-04 00:56:32', 'view_submit_assignment.php', 221, 38),
(23, 194, 'Submit Homework file name <b>Chapter 6</b>', '2023-06-04 00:57:04', 'view_submit_assignment.php', 223, 38),
(24, 194, 'Submit Homework file name <b>Chapter 6</b>', '2023-06-04 01:17:03', 'view_submit_assignment.php', 221, 38),
(25, 194, 'Submit Homework file name <b>Chapter 7</b>', '2023-06-04 02:05:29', 'view_submit_assignment.php', 221, 39),
(26, 194, 'Submit Homework file name <b>Chapter 7</b>', '2023-06-04 03:12:54', 'view_submit_assignment.php', 223, 39),
(27, 194, 'Submit Homework file name <b>Chapter 6</b>', '2023-06-04 09:44:50', 'view_submit_assignment.php', 221, 39),
(28, 194, 'Submit Homework file name <b>aaa</b>', '2023-06-08 01:50:42', 'view_submit_assignment.php', 221, 47);

-- --------------------------------------------------------

--
-- Table structure for table `teacher_shared`
--

CREATE TABLE `teacher_shared` (
  `teacher_shared_id` int(11) NOT NULL,
  `teacher_id` int(11) NOT NULL,
  `shared_teacher_id` int(11) NOT NULL,
  `floc` varchar(100) NOT NULL,
  `fdatein` varchar(100) NOT NULL,
  `fdesc` varchar(100) NOT NULL,
  `fname` varchar(100) NOT NULL
) ENGINE=InnoDB DEFAULT CHARSET=latin1;

--
-- Dumping data for table `teacher_shared`
--

INSERT INTO `teacher_shared` (`teacher_shared_id`, `teacher_id`, `shared_teacher_id`, `floc`, `fdatein`, `fdesc`, `fname`) VALUES
(1, 12, 14, 'admin/uploads/7939_File_449E26DB.jpg', '2014-02-20 09:55:32', 'sas', 'sss');

-- --------------------------------------------------------

--
-- Table structure for table `users`
--

CREATE TABLE `users` (
  `user_id` int(11) NOT NULL,
  `username` varchar(100) NOT NULL,
  `password` varchar(100) NOT NULL,
  `firstname` varchar(100) NOT NULL,
  `lastname` varchar(100) NOT NULL
) ENGINE=InnoDB DEFAULT CHARSET=latin1;

--
-- Dumping data for table `users`
--

INSERT INTO `users` (`user_id`, `username`, `password`, `firstname`, `lastname`) VALUES
(13, 'teph', 'teph', 'Stephanie', 'villanueva'),
(14, 'jkev', 'jkev', 'john kevin', 'lorayna'),
(15, 'admin', 'admin', 'admin', 'admin');

-- --------------------------------------------------------

--
-- Table structure for table `user_log`
--

CREATE TABLE `user_log` (
  `user_log_id` int(11) NOT NULL,
  `username` varchar(25) NOT NULL,
  `login_date` varchar(30) NOT NULL,
  `logout_date` varchar(30) NOT NULL,
  `user_id` int(11) NOT NULL
) ENGINE=InnoDB DEFAULT CHARSET=latin1;

--
-- Dumping data for table `user_log`
--

INSERT INTO `user_log` (`user_log_id`, `username`, `login_date`, `logout_date`, `user_id`) VALUES
(1, 'admin', '2013-11-01 11:57:33', '2013-11-18 10:33:54', 10),
(2, 'admin', '2013-11-05 09:52:09', '2013-11-18 10:33:54', 10),
(3, 'admin', '2013-11-08 10:41:09', '2013-11-18 10:33:54', 10),
(4, 'admin', '2013-11-12 22:53:05', '2013-11-18 10:33:54', 10),
(5, 'admin', '2013-11-13 07:07:04', '2013-11-18 10:33:54', 10),
(6, 'admin', '2013-11-13 13:07:58', '2013-11-18 10:33:54', 10),
(7, 'admin', '2013-11-13 13:30:45', '2013-11-18 10:33:54', 10),
(8, 'admin', '2013-11-13 15:25:20', '2013-11-18 10:33:54', 10),
(9, 'admin', '2013-11-13 15:46:28', '2013-11-18 10:33:54', 10),
(10, 'admin', '2013-11-13 16:04:10', '2013-11-18 10:33:54', 10),
(11, 'admin', '2013-11-13 17:31:37', '2013-11-18 10:33:54', 10),
(12, 'admin', '2013-11-13 22:47:45', '2013-11-18 10:33:54', 10),
(13, 'admin', '2013-11-14 10:27:06', '2013-11-18 10:33:54', 10),
(14, 'admin', '2013-11-14 10:27:55', '2013-11-18 10:33:54', 10),
(15, 'admin', '2013-11-14 10:38:08', '2013-11-18 10:33:54', 10),
(16, 'admin', '2013-11-14 10:38:09', '2013-11-18 10:33:54', 10),
(17, 'admin', '2013-11-14 10:41:06', '2013-11-18 10:33:54', 10),
(18, 'admin', '2013-11-14 11:44:08', '2013-11-18 10:33:54', 10),
(19, 'admin', '2013-11-14 21:53:56', '2013-11-18 10:33:54', 10),
(20, 'admin', '2013-11-14 22:03:53', '2013-11-18 10:33:54', 10),
(21, 'admin', '2013-11-16 13:40:56', '2013-11-18 10:33:54', 10),
(22, 'admin', '2013-11-18 10:22:07', '2013-11-18 10:33:54', 10),
(23, 'jkev', '2013-11-18 10:33:59', '2014-02-13 11:19:36', 14),
(24, 'jkev', '2013-11-18 15:20:45', '2014-02-13 11:19:36', 14),
(25, 'jkev', '2013-11-18 15:42:04', '2014-02-13 11:19:36', 14),
(26, 'jkev', '2013-11-18 16:30:14', '2014-02-13 11:19:36', 14),
(27, 'jkev', '2013-11-18 16:36:44', '2014-02-13 11:19:36', 14),
(28, 'jkev', '2013-11-18 17:39:55', '2014-02-13 11:19:36', 14),
(29, 'jkev', '2013-11-18 20:06:49', '2014-02-13 11:19:36', 14),
(30, 'jkev', '2013-11-23 08:04:27', '2014-02-13 11:19:36', 14),
(31, 'teph', '2013-11-23 12:02:27', '2013-11-30 21:33:02', 13),
(32, 'teph', '2013-11-24 08:55:55', '2013-11-30 21:33:02', 13),
(33, 'jkev', '2013-11-25 10:32:16', '2014-02-13 11:19:36', 14),
(34, 'jkev', '2013-11-25 14:33:05', '2014-02-13 11:19:36', 14),
(35, 'jkev', '2013-11-25 15:02:47', '2014-02-13 11:19:36', 14),
(36, 'jkev', '2013-11-25 21:08:19', '2014-02-13 11:19:36', 14),
(37, 'jkev', '2013-11-25 23:49:58', '2014-02-13 11:19:36', 14),
(38, 'jkev', '2013-11-26 00:32:22', '2014-02-13 11:19:36', 14),
(39, 'jkev', '2013-11-26 10:39:52', '2014-02-13 11:19:36', 14),
(40, 'jkev', '2013-11-26 21:48:05', '2014-02-13 11:19:36', 14),
(41, 'jkev', '2013-11-28 23:00:00', '2014-02-13 11:19:36', 14),
(42, 'jkev', '2013-11-28 23:00:06', '2014-02-13 11:19:36', 14),
(43, 'jkev', '2013-11-30 21:28:54', '2014-02-13 11:19:36', 14),
(44, 'teph', '2013-11-30 21:32:54', '2013-11-30 21:33:02', 13),
(45, 'jkev', '2013-12-04 12:45:09', '2014-02-13 11:19:36', 14),
(46, 'teph', '2013-12-04 14:02:19', '', 13),
(47, 'jkev', '2013-12-11 11:56:15', '2014-02-13 11:19:36', 14),
(48, 'jkev', '2013-12-11 12:04:44', '2014-02-13 11:19:36', 14),
(49, 'jkev', '2013-12-12 09:44:34', '2014-02-13 11:19:36', 14),
(50, 'jkev', '2013-12-13 01:48:23', '2014-02-13 11:19:36', 14),
(51, 'jkev', '2013-12-27 09:13:20', '2014-02-13 11:19:36', 14),
(52, 'jkev', '2013-12-27 10:18:38', '2014-02-13 11:19:36', 14),
(53, 'jkev', '2013-12-27 10:35:43', '2014-02-13 11:19:36', 14),
(54, 'jkev', '2013-12-27 11:08:54', '2014-02-13 11:19:36', 14),
(55, 'jkev', '2013-12-27 11:20:25', '2014-02-13 11:19:36', 14),
(56, 'jkev', '2013-12-27 11:41:58', '2014-02-13 11:19:36', 14),
(57, 'jkev', '2013-12-27 11:43:10', '2014-02-13 11:19:36', 14),
(58, 'jkev', '2013-12-27 14:54:57', '2014-02-13 11:19:36', 14),
(59, 'jkev', '2014-01-12 20:08:26', '2014-02-13 11:19:36', 14),
(60, 'jkev', '2014-01-13 15:24:07', '2014-02-13 11:19:36', 14),
(61, 'jkev', '2014-01-13 18:46:08', '2014-02-13 11:19:36', 14),
(62, 'jkev', '2014-01-15 20:40:15', '2014-02-13 11:19:36', 14),
(63, 'jkev', '2014-01-16 14:42:02', '2014-02-13 11:19:36', 14),
(64, 'jkev', '2014-01-17 09:16:17', '2014-02-13 11:19:36', 14),
(65, 'jkev', '2014-01-17 13:25:51', '2014-02-13 11:19:36', 14),
(66, 'admin', '2014-01-17 14:41:30', '2023-06-08 21:45:00', 15),
(67, 'admin', '2014-01-17 15:56:32', '2023-06-08 21:45:00', 15),
(68, 'admin', '2014-01-26 17:45:31', '2023-06-08 21:45:00', 15),
(69, 'admin', '2014-02-13 10:45:17', '2023-06-08 21:45:00', 15),
(70, 'admin', '2014-02-13 11:05:27', '2023-06-08 21:45:00', 15),
(71, 'jkev', '2014-02-13 11:16:48', '2014-02-13 11:19:36', 14),
(72, 'admin', '2014-02-13 11:55:36', '2023-06-08 21:45:00', 15),
(73, 'admin', '2014-02-13 12:32:38', '2023-06-08 21:45:00', 15),
(74, 'admin', '2014-02-13 12:52:05', '2023-06-08 21:45:00', 15),
(75, 'admin', '2014-02-13 13:04:35', '2023-06-08 21:45:00', 15),
(76, 'jkev', '2014-02-13 14:35:27', '', 14),
(77, 'admin', '2014-02-20 09:40:39', '2023-06-08 21:45:00', 15),
(78, 'admin', '2014-02-20 09:42:21', '2023-06-08 21:45:00', 15),
(79, 'admin', '2014-02-27 22:40:15', '2023-06-08 21:45:00', 15),
(80, 'admin', '2014-02-28 13:12:52', '2023-06-08 21:45:00', 15),
(81, 'admin', '2014-04-02 17:27:47', '2023-06-08 21:45:00', 15),
(82, 'admin', '2014-04-03 15:29:38', '2023-06-08 21:45:00', 15),
(83, 'admin', '2014-06-15 12:31:51', '2023-06-08 21:45:00', 15),
(84, 'Admin', '2020-12-21 08:32:51', '2023-06-08 21:45:00', 15),
(85, 'admin', '2020-12-21 08:48:23', '2023-06-08 21:45:00', 15),
(86, 'admin', '2023-04-12 09:53:10', '2023-06-08 21:45:00', 15),
(87, 'admin', '2023-04-12 10:31:23', '2023-06-08 21:45:00', 15),
(88, 'admin', '2023-05-25 02:17:15', '2023-06-08 21:45:00', 15),
(89, 'admin', '2023-05-25 02:21:16', '2023-06-08 21:45:00', 15),
(90, 'admin', '2023-05-29 16:26:13', '2023-06-08 21:45:00', 15),
(91, 'admin', '2023-05-29 23:09:59', '2023-06-08 21:45:00', 15),
(92, 'admin', '2023-05-30 22:01:53', '2023-06-08 21:45:00', 15),
(93, 'admin', '2023-05-30 22:13:56', '2023-06-08 21:45:00', 15),
(94, 'admin', '2023-05-31 05:16:16', '2023-06-08 21:45:00', 15),
(95, 'admin', '2023-06-01 02:12:45', '2023-06-08 21:45:00', 15),
(96, 'admin', '2023-06-03 23:15:46', '2023-06-08 21:45:00', 15),
(97, 'admin', '2023-06-03 23:21:04', '2023-06-08 21:45:00', 15),
(98, 'admin', '2023-06-03 23:29:17', '2023-06-08 21:45:00', 15),
(99, 'admin', '2023-06-04 00:52:59', '2023-06-08 21:45:00', 15),
(100, 'admin', '2023-06-08 02:27:22', '2023-06-08 21:45:00', 15),
(101, 'admin', '2023-06-08 11:06:40', '2023-06-08 21:45:00', 15),
(102, 'admin', '2023-06-08 14:34:25', '2023-06-08 21:45:00', 15),
(103, 'admin', '2023-06-20 22:08:26', '', 15),
(104, 'admin', '2023-07-01 16:26:40', '', 15),
(105, 'admin', '2023-07-02 00:09:48', '', 15);

--
-- Indexes for dumped tables
--

--
-- Indexes for table `activity_log`
--
ALTER TABLE `activity_log`
  ADD PRIMARY KEY (`activity_log_id`);

--
-- Indexes for table `answer`
--
ALTER TABLE `answer`
  ADD PRIMARY KEY (`answer_id`);

--
-- Indexes for table `assignment`
--
ALTER TABLE `assignment`
  ADD PRIMARY KEY (`assignment_id`);

--
-- Indexes for table `class`
--
ALTER TABLE `class`
  ADD PRIMARY KEY (`class_id`);

--
-- Indexes for table `class_quiz`
--
ALTER TABLE `class_quiz`
  ADD PRIMARY KEY (`class_quiz_id`);

--
-- Indexes for table `class_subject_overview`
--
ALTER TABLE `class_subject_overview`
  ADD PRIMARY KEY (`class_subject_overview_id`);

--
-- Indexes for table `content`
--
ALTER TABLE `content`
  ADD PRIMARY KEY (`content_id`);

--
-- Indexes for table `department`
--
ALTER TABLE `department`
  ADD PRIMARY KEY (`department_id`);

--
-- Indexes for table `event`
--
ALTER TABLE `event`
  ADD PRIMARY KEY (`event_id`);

--
-- Indexes for table `files`
--
ALTER TABLE `files`
  ADD PRIMARY KEY (`file_id`);

--
-- Indexes for table `message`
--
ALTER TABLE `message`
  ADD PRIMARY KEY (`message_id`);

--
-- Indexes for table `message_sent`
--
ALTER TABLE `message_sent`
  ADD PRIMARY KEY (`message_sent_id`);

--
-- Indexes for table `notification`
--
ALTER TABLE `notification`
  ADD PRIMARY KEY (`notification_id`);

--
-- Indexes for table `notification_read`
--
ALTER TABLE `notification_read`
  ADD PRIMARY KEY (`notification_read_id`);

--
-- Indexes for table `notification_read_teacher`
--
ALTER TABLE `notification_read_teacher`
  ADD PRIMARY KEY (`notification_read_teacher_id`);

--
-- Indexes for table `parent`
--
ALTER TABLE `parent`
  ADD PRIMARY KEY (`parent_id`);

--
-- Indexes for table `parent_class_student`
--
ALTER TABLE `parent_class_student`
  ADD PRIMARY KEY (`parent_class_student_id`);

--
-- Indexes for table `question_type`
--
ALTER TABLE `question_type`
  ADD PRIMARY KEY (`question_type_id`);

--
-- Indexes for table `quiz`
--
ALTER TABLE `quiz`
  ADD PRIMARY KEY (`quiz_id`);

--
-- Indexes for table `quiz_question`
--
ALTER TABLE `quiz_question`
  ADD PRIMARY KEY (`quiz_question_id`);

--
-- Indexes for table `school_year`
--
ALTER TABLE `school_year`
  ADD PRIMARY KEY (`school_year_id`);

--
-- Indexes for table `student`
--
ALTER TABLE `student`
  ADD PRIMARY KEY (`student_id`);

--
-- Indexes for table `student_assignment`
--
ALTER TABLE `student_assignment`
  ADD PRIMARY KEY (`student_assignment_id`);

--
-- Indexes for table `student_backpack`
--
ALTER TABLE `student_backpack`
  ADD PRIMARY KEY (`file_id`);

--
-- Indexes for table `student_class_quiz`
--
ALTER TABLE `student_class_quiz`
  ADD PRIMARY KEY (`student_class_quiz_id`);

--
-- Indexes for table `subject`
--
ALTER TABLE `subject`
  ADD PRIMARY KEY (`subject_id`);

--
-- Indexes for table `teacher`
--
ALTER TABLE `teacher`
  ADD PRIMARY KEY (`teacher_id`);

--
-- Indexes for table `teacher_backpack`
--
ALTER TABLE `teacher_backpack`
  ADD PRIMARY KEY (`file_id`);

--
-- Indexes for table `teacher_class`
--
ALTER TABLE `teacher_class`
  ADD PRIMARY KEY (`teacher_class_id`);

--
-- Indexes for table `teacher_class_announcements`
--
ALTER TABLE `teacher_class_announcements`
  ADD PRIMARY KEY (`teacher_class_announcements_id`);

--
-- Indexes for table `teacher_class_student`
--
ALTER TABLE `teacher_class_student`
  ADD PRIMARY KEY (`teacher_class_student_id`);

--
-- Indexes for table `teacher_notification`
--
ALTER TABLE `teacher_notification`
  ADD PRIMARY KEY (`teacher_notification_id`);

--
-- Indexes for table `teacher_shared`
--
ALTER TABLE `teacher_shared`
  ADD PRIMARY KEY (`teacher_shared_id`);

--
-- Indexes for table `users`
--
ALTER TABLE `users`
  ADD PRIMARY KEY (`user_id`);

--
-- Indexes for table `user_log`
--
ALTER TABLE `user_log`
  ADD PRIMARY KEY (`user_log_id`);

--
-- AUTO_INCREMENT for dumped tables
--

--
-- AUTO_INCREMENT for table `activity_log`
--
ALTER TABLE `activity_log`
  MODIFY `activity_log_id` int(11) NOT NULL AUTO_INCREMENT, AUTO_INCREMENT=19;

--
-- AUTO_INCREMENT for table `answer`
--
ALTER TABLE `answer`
  MODIFY `answer_id` int(11) NOT NULL AUTO_INCREMENT, AUTO_INCREMENT=93;

--
-- AUTO_INCREMENT for table `assignment`
--
ALTER TABLE `assignment`
  MODIFY `assignment_id` int(11) NOT NULL AUTO_INCREMENT, AUTO_INCREMENT=50;

--
-- AUTO_INCREMENT for table `class`
--
ALTER TABLE `class`
  MODIFY `class_id` int(11) NOT NULL AUTO_INCREMENT, AUTO_INCREMENT=55;

--
-- AUTO_INCREMENT for table `class_quiz`
--
ALTER TABLE `class_quiz`
  MODIFY `class_quiz_id` int(11) NOT NULL AUTO_INCREMENT, AUTO_INCREMENT=18;

--
-- AUTO_INCREMENT for table `class_subject_overview`
--
ALTER TABLE `class_subject_overview`
  MODIFY `class_subject_overview_id` int(11) NOT NULL AUTO_INCREMENT, AUTO_INCREMENT=2;

--
-- AUTO_INCREMENT for table `content`
--
ALTER TABLE `content`
  MODIFY `content_id` int(11) NOT NULL AUTO_INCREMENT, AUTO_INCREMENT=15;

--
-- AUTO_INCREMENT for table `department`
--
ALTER TABLE `department`
  MODIFY `department_id` int(11) NOT NULL AUTO_INCREMENT, AUTO_INCREMENT=13;

--
-- AUTO_INCREMENT for table `event`
--
ALTER TABLE `event`
  MODIFY `event_id` int(11) NOT NULL AUTO_INCREMENT, AUTO_INCREMENT=22;

--
-- AUTO_INCREMENT for table `files`
--
ALTER TABLE `files`
  MODIFY `file_id` int(11) NOT NULL AUTO_INCREMENT, AUTO_INCREMENT=142;

--
-- AUTO_INCREMENT for table `message`
--
ALTER TABLE `message`
  MODIFY `message_id` int(11) NOT NULL AUTO_INCREMENT, AUTO_INCREMENT=30;

--
-- AUTO_INCREMENT for table `message_sent`
--
ALTER TABLE `message_sent`
  MODIFY `message_sent_id` int(11) NOT NULL AUTO_INCREMENT, AUTO_INCREMENT=15;

--
-- AUTO_INCREMENT for table `notification`
--
ALTER TABLE `notification`
  MODIFY `notification_id` int(11) NOT NULL AUTO_INCREMENT, AUTO_INCREMENT=40;

--
-- AUTO_INCREMENT for table `notification_read`
--
ALTER TABLE `notification_read`
  MODIFY `notification_read_id` int(11) NOT NULL AUTO_INCREMENT, AUTO_INCREMENT=6;

--
-- AUTO_INCREMENT for table `notification_read_teacher`
--
ALTER TABLE `notification_read_teacher`
  MODIFY `notification_read_teacher_id` int(11) NOT NULL AUTO_INCREMENT, AUTO_INCREMENT=9;

--
-- AUTO_INCREMENT for table `parent`
--
ALTER TABLE `parent`
  MODIFY `parent_id` int(11) NOT NULL AUTO_INCREMENT, AUTO_INCREMENT=6;

--
-- AUTO_INCREMENT for table `parent_class_student`
--
ALTER TABLE `parent_class_student`
  MODIFY `parent_class_student_id` int(11) NOT NULL AUTO_INCREMENT, AUTO_INCREMENT=3;

--
-- AUTO_INCREMENT for table `quiz`
--
ALTER TABLE `quiz`
  MODIFY `quiz_id` int(11) NOT NULL AUTO_INCREMENT, AUTO_INCREMENT=7;

--
-- AUTO_INCREMENT for table `quiz_question`
--
ALTER TABLE `quiz_question`
  MODIFY `quiz_question_id` int(11) NOT NULL AUTO_INCREMENT, AUTO_INCREMENT=39;

--
-- AUTO_INCREMENT for table `school_year`
--
ALTER TABLE `school_year`
  MODIFY `school_year_id` int(11) NOT NULL AUTO_INCREMENT, AUTO_INCREMENT=7;

--
-- AUTO_INCREMENT for table `student`
--
ALTER TABLE `student`
  MODIFY `student_id` int(11) NOT NULL AUTO_INCREMENT, AUTO_INCREMENT=224;

--
-- AUTO_INCREMENT for table `student_assignment`
--
ALTER TABLE `student_assignment`
  MODIFY `student_assignment_id` int(11) NOT NULL AUTO_INCREMENT, AUTO_INCREMENT=15;

--
-- AUTO_INCREMENT for table `student_backpack`
--
ALTER TABLE `student_backpack`
  MODIFY `file_id` int(11) NOT NULL AUTO_INCREMENT, AUTO_INCREMENT=5;

--
-- AUTO_INCREMENT for table `student_class_quiz`
--
ALTER TABLE `student_class_quiz`
  MODIFY `student_class_quiz_id` int(11) NOT NULL AUTO_INCREMENT, AUTO_INCREMENT=4;

--
-- AUTO_INCREMENT for table `subject`
--
ALTER TABLE `subject`
  MODIFY `subject_id` int(11) NOT NULL AUTO_INCREMENT, AUTO_INCREMENT=47;

--
-- AUTO_INCREMENT for table `teacher`
--
ALTER TABLE `teacher`
  MODIFY `teacher_id` int(11) NOT NULL AUTO_INCREMENT, AUTO_INCREMENT=22;

--
-- AUTO_INCREMENT for table `teacher_backpack`
--
ALTER TABLE `teacher_backpack`
  MODIFY `file_id` int(11) NOT NULL AUTO_INCREMENT;

--
-- AUTO_INCREMENT for table `teacher_class`
--
ALTER TABLE `teacher_class`
  MODIFY `teacher_class_id` int(11) NOT NULL AUTO_INCREMENT, AUTO_INCREMENT=199;

--
-- AUTO_INCREMENT for table `teacher_class_announcements`
--
ALTER TABLE `teacher_class_announcements`
  MODIFY `teacher_class_announcements_id` int(11) NOT NULL AUTO_INCREMENT, AUTO_INCREMENT=40;

--
-- AUTO_INCREMENT for table `teacher_class_student`
--
ALTER TABLE `teacher_class_student`
  MODIFY `teacher_class_student_id` int(11) NOT NULL AUTO_INCREMENT, AUTO_INCREMENT=395;

--
-- AUTO_INCREMENT for table `teacher_notification`
--
ALTER TABLE `teacher_notification`
  MODIFY `teacher_notification_id` int(11) NOT NULL AUTO_INCREMENT, AUTO_INCREMENT=29;

--
-- AUTO_INCREMENT for table `teacher_shared`
--
ALTER TABLE `teacher_shared`
  MODIFY `teacher_shared_id` int(11) NOT NULL AUTO_INCREMENT, AUTO_INCREMENT=2;

--
-- AUTO_INCREMENT for table `users`
--
ALTER TABLE `users`
  MODIFY `user_id` int(11) NOT NULL AUTO_INCREMENT, AUTO_INCREMENT=16;

--
-- AUTO_INCREMENT for table `user_log`
--
ALTER TABLE `user_log`
  MODIFY `user_log_id` int(11) NOT NULL AUTO_INCREMENT, AUTO_INCREMENT=106;
COMMIT;

/*!40101 SET CHARACTER_SET_CLIENT=@OLD_CHARACTER_SET_CLIENT */;
/*!40101 SET CHARACTER_SET_RESULTS=@OLD_CHARACTER_SET_RESULTS */;
/*!40101 SET COLLATION_CONNECTION=@OLD_COLLATION_CONNECTION */;
